{"_timestamp": 1578414140.8877747, "_runtime": 134.27820920944214, "_step": 40, "reward": 79.732929803879}
